ID,Part,Quantity,Serial Number,Batch Code,Stock Location,Installed In,Source Build,Consumed By,Customer,Delete on deplete,Expiry Date,In Stock,Is building,External Link,Notes,Owner,Packaging,Parent Item,Source Purchase Order,Purchase order reference,Destination Sales Order,Sales order reference,Status,Status text,Custom status key,Supplier Part,Supplier Part Number,Manufacturer Part Number,Barcode Hash,Creation Date,Stocktake date,Updated,Purchase Price,Currency,Allocated Quantity,Expired,Installed Items,Child Items,Stale,Location.Name,Location.Path,Part.Ipn,Part.Name,Part.Revision,Part.Description,Part.Pricing min,Part.Pricing max,Supplier Part.MPN,Supplier Part.SKU
18,12,0.85,,,3,,,,,True,,True,False,,,,,,,,,,10,OK,10,,,,,2026-09-20 10:55,,2026-09-21 23:16,,IDR,0.0,False,0,3,False,Zone B - Accessories & Consumables,Semarang Warehouse/Zone B - Accessories & Consumables,CON-ALC-099,Alkohol Isopropyl 99%,,Cairan pembersih core kaca FO 1 Liter,,,,
11,2,10.0,,,2,,,,,True,,True,False,,Diinput via Flet App. Vendor: hp androidku,,,,,,,,10,OK,10,,,,,2026-09-16 09:52,,2026-09-22 01:38,,IDR,0.0,False,0,3,False,Zone A - Bulky Material,Semarang Warehouse/Zone A - Bulky Material,CBL-DRP-002,Drop Core Cable 1 Core,,Kabel drop core untuk ke rumah pelanggan 1 Km per roll,,,,
27,25,8.0,,,3,,,,,True,,True,False,,,,,,,,,,10,OK,10,,,,,2026-09-22 01:41,,2026-09-22 01:41,,IDR,0.0,False,0,1,False,Zone B - Accessories & Consumables,Semarang Warehouse/Zone B - Accessories & Consumables,ACC-KLM-GRIP,Klem Preformed / Guy Grip,,Penjepit kabel drop core ke tiang,,,,
7,9,1.0,OTDR-01,,10,,,,,False,,True,False,,,,,,,,,,10,OK,10,,,,,2026-09-15 07:41,,2026-09-17 09:17,800.0,USD,0.0,False,0,0,False,AD 8844,External/Vehicle/AD 8844,TLS-OTD-VIV,OTDR JDSU Viavi,,Alat ukur titik putus dan redaman sinyal optik,,,,
8,9,1.0,OTDR-02,,4,,,,,True,,True,False,,,,,,,,,,10,OK,10,,,,,2026-09-15 07:42,,2026-09-15 07:42,1000.0,USD,0.0,False,0,0,False,Zone C - High-Value Assets,Semarang Warehouse/Zone C - High-Value Assets,TLS-OTD-VIV,OTDR JDSU Viavi,,Alat ukur titik putus dan redaman sinyal optik,,,,
33,4,1.0,1,ODP-BATCH-01,3,,,,,True,,True,False,,,,,,,,,,10,OK,10,,,,,2026-09-22 13:12,,2026-09-22 13:12,200000.0,IDR,0.0,False,0,0,False,Zone B - Accessories & Consumables,Semarang Warehouse/Zone B - Accessories & Consumables,ODP-108-BOX,Optical Distribution Point (ODP) 1:8,,Kotak distribusi tiang kapasitas 8 user,200000.0,200000.0,,
34,4,1.0,2,ODP-BATCH-01,3,,,,,True,,True,False,,,,,,,,,,10,OK,10,,,,,2026-09-22 13:12,,2026-09-22 13:12,200000.0,IDR,0.0,False,0,0,False,Zone B - Accessories & Consumables,Semarang Warehouse/Zone B - Accessories & Consumables,ODP-108-BOX,Optical Distribution Point (ODP) 1:8,,Kotak distribusi tiang kapasitas 8 user,200000.0,200000.0,,
35,4,1.0,3,ODP-BATCH-01,3,,,,,True,,True,False,,,,,,,,,,10,OK,10,,,,,2026-09-22 13:12,,2026-09-22 13:12,200000.0,IDR,0.0,False,0,0,False,Zone B - Accessories & Consumables,Semarang Warehouse/Zone B - Accessories & Consumables,ODP-108-BOX,Optical Distribution Point (ODP) 1:8,,Kotak distribusi tiang kapasitas 8 user,200000.0,200000.0,,
36,4,1.0,4,ODP-BATCH-01,3,,,,,True,,True,False,,,,,,,,,,10,OK,10,,,,,2026-09-22 13:12,,2026-09-22 13:12,200000.0,IDR,0.0,False,0,0,False,Zone B - Accessories & Consumables,Semarang Warehouse/Zone B - Accessories & Consumables,ODP-108-BOX,Optical Distribution Point (ODP) 1:8,,Kotak distribusi tiang kapasitas 8 user,200000.0,200000.0,,
37,4,1.0,5,ODP-BATCH-01,3,,,,,True,,True,False,,,,,,,,,,10,OK,10,,,,,2026-09-22 13:12,,2026-09-22 13:12,200000.0,IDR,0.0,False,0,0,False,Zone B - Accessories & Consumables,Semarang Warehouse/Zone B - Accessories & Consumables,ODP-108-BOX,Optical Distribution Point (ODP) 1:8,,Kotak distribusi tiang kapasitas 8 user,200000.0,200000.0,,
38,4,1.0,6,ODP-BATCH-01,3,,,,,True,,True,False,,,,,,,,,,10,OK,10,,,,,2026-09-22 13:12,,2026-09-22 13:12,200000.0,IDR,0.0,False,0,0,False,Zone B - Accessories & Consumables,Semarang Warehouse/Zone B - Accessories & Consumables,ODP-108-BOX,Optical Distribution Point (ODP) 1:8,,Kotak distribusi tiang kapasitas 8 user,200000.0,200000.0,,
39,4,1.0,7,ODP-BATCH-01,3,,,,,True,,True,False,,,,,,,,,,10,OK,10,,,,,2026-09-22 13:12,,2026-09-22 13:12,200000.0,IDR,0.0,False,0,0,False,Zone B - Accessories & Consumables,Semarang Warehouse/Zone B - Accessories & Consumables,ODP-108-BOX,Optical Distribution Point (ODP) 1:8,,Kotak distribusi tiang kapasitas 8 user,200000.0,200000.0,,
40,4,1.0,8,ODP-BATCH-01,3,,,,,True,,True,False,,,,,,,,,,10,OK,10,,,,,2026-09-22 13:12,,2026-09-22 13:12,200000.0,IDR,0.0,False,0,0,False,Zone B - Accessories & Consumables,Semarang Warehouse/Zone B - Accessories & Consumables,ODP-108-BOX,Optical Distribution Point (ODP) 1:8,,Kotak distribusi tiang kapasitas 8 user,200000.0,200000.0,,
41,4,1.0,9,ODP-BATCH-01,3,,,,,True,,True,False,,,,,,,,,,10,OK,10,,,,,2026-09-22 13:12,,2026-09-22 13:12,200000.0,IDR,0.0,False,0,0,False,Zone B - Accessories & Consumables,Semarang Warehouse/Zone B - Accessories & Consumables,ODP-108-BOX,Optical Distribution Point (ODP) 1:8,,Kotak distribusi tiang kapasitas 8 user,200000.0,200000.0,,
42,4,1.0,10,ODP-BATCH-01,3,,,,,True,,True,False,,,,,,,,,,10,OK,10,,,,,2026-09-22 13:12,,2026-09-22 13:12,200000.0,IDR,0.0,False,0,0,False,Zone B - Accessories & Consumables,Semarang Warehouse/Zone B - Accessories & Consumables,ODP-108-BOX,Optical Distribution Point (ODP) 1:8,,Kotak distribusi tiang kapasitas 8 user,200000.0,200000.0,,
43,4,1.0,11,ODP-BATCH-01,3,,,,,True,,True,False,,,,,,,,,,10,OK,10,,,,,2026-09-22 13:12,,2026-09-22 13:12,200000.0,IDR,0.0,False,0,0,False,Zone B - Accessories & Consumables,Semarang Warehouse/Zone B - Accessories & Consumables,ODP-108-BOX,Optical Distribution Point (ODP) 1:8,,Kotak distribusi tiang kapasitas 8 user,200000.0,200000.0,,
44,4,1.0,12,ODP-BATCH-01,3,,,,,True,,True,False,,,,,,,,,,10,OK,10,,,,,2026-09-22 13:12,,2026-09-22 13:12,200000.0,IDR,0.0,False,0,0,False,Zone B - Accessories & Consumables,Semarang Warehouse/Zone B - Accessories & Consumables,ODP-108-BOX,Optical Distribution Point (ODP) 1:8,,Kotak distribusi tiang kapasitas 8 user,200000.0,200000.0,,
45,4,1.0,13,ODP-BATCH-01,3,,,,,True,,True,False,,,,,,,,,,10,OK,10,,,,,2026-09-22 13:12,,2026-09-22 13:12,200000.0,IDR,0.0,False,0,0,False,Zone B - Accessories & Consumables,Semarang Warehouse/Zone B - Accessories & Consumables,ODP-108-BOX,Optical Distribution Point (ODP) 1:8,,Kotak distribusi tiang kapasitas 8 user,200000.0,200000.0,,
46,4,1.0,14,ODP-BATCH-01,3,,,,,True,,True,False,,,,,,,,,,10,OK,10,,,,,2026-09-22 13:12,,2026-09-22 13:12,200000.0,IDR,0.0,False,0,0,False,Zone B - Accessories & Consumables,Semarang Warehouse/Zone B - Accessories & Consumables,ODP-108-BOX,Optical Distribution Point (ODP) 1:8,,Kotak distribusi tiang kapasitas 8 user,200000.0,200000.0,,
47,4,1.0,16,ODP-JKT-2026-09,3,,,,,True,,True,False,,,,,,,,,,10,OK,10,,,,,2026-09-23 00:20,,2026-09-23 00:20,,IDR,0.0,False,0,0,False,Zone B - Accessories & Consumables,Semarang Warehouse/Zone B - Accessories & Consumables,ODP-108-BOX,Optical Distribution Point (ODP) 1:8,,Kotak distribusi tiang kapasitas 8 user,200000.0,200000.0,,
48,4,1.0,17,ODP-JKT-2026-09,3,,,,,True,,True,False,,,,,,,,,,10,OK,10,,,,,2026-09-23 00:20,,2026-09-23 00:20,,IDR,0.0,False,0,0,False,Zone B - Accessories & Consumables,Semarang Warehouse/Zone B - Accessories & Consumables,ODP-108-BOX,Optical Distribution Point (ODP) 1:8,,Kotak distribusi tiang kapasitas 8 user,200000.0,200000.0,,
49,4,1.0,18,ODP-JKT-2026-09,3,,,,,True,,True,False,,,,,,,,,,10,OK,10,,,,,2026-09-23 00:20,,2026-09-23 00:20,,IDR,0.0,False,0,0,False,Zone B - Accessories & Consumables,Semarang Warehouse/Zone B - Accessories & Consumables,ODP-108-BOX,Optical Distribution Point (ODP) 1:8,,Kotak distribusi tiang kapasitas 8 user,200000.0,200000.0,,
50,4,1.0,19,ODP-JKT-2026-09,3,,,,,True,,True,False,,,,,,,,,,10,OK,10,,,,,2026-09-23 00:20,,2026-09-23 00:20,,IDR,0.0,False,0,0,False,Zone B - Accessories & Consumables,Semarang Warehouse/Zone B - Accessories & Consumables,ODP-108-BOX,Optical Distribution Point (ODP) 1:8,,Kotak distribusi tiang kapasitas 8 user,200000.0,200000.0,,
51,4,1.0,20,ODP-JKT-2026-09,3,,,,,True,,True,False,,,,,,,,,,10,OK,10,,,,,2026-09-23 00:20,,2026-09-23 00:20,,IDR,0.0,False,0,0,False,Zone B - Accessories & Consumables,Semarang Warehouse/Zone B - Accessories & Consumables,ODP-108-BOX,Optical Distribution Point (ODP) 1:8,,Kotak distribusi tiang kapasitas 8 user,200000.0,200000.0,,
53,4,1.0,21,,3,,,,,True,,True,False,,,,,,,,,,10,OK,10,,,,,2026-09-23 00:31,,2026-09-23 00:31,,IDR,0.0,False,0,0,False,Zone B - Accessories & Consumables,Semarang Warehouse/Zone B - Accessories & Consumables,ODP-108-BOX,Optical Distribution Point (ODP) 1:8,,Kotak distribusi tiang kapasitas 8 user,200000.0,200000.0,,
54,4,1.0,22,,3,,,,,True,,True,False,,,,,,,,,,10,OK,10,,,,,2026-09-23 00:31,,2026-09-23 00:31,,IDR,0.0,False,0,0,False,Zone B - Accessories & Consumables,Semarang Warehouse/Zone B - Accessories & Consumables,ODP-108-BOX,Optical Distribution Point (ODP) 1:8,,Kotak distribusi tiang kapasitas 8 user,200000.0,200000.0,,
