Active,Assembly,Barcode Hash,Category,Category Name,Component,Creation Date,Creation user,Default Expiry,Default Location,Description,Full name,Image,IPN,Is Template,Keywords,Link,Locked,Minimum Stock,Maximum Stock,Name,Notes,ID,Purchaseable,Revision,Revision Of,Revisions,Salable,Starred,Thumbnail,Testable,Trackable,Units,Variant Of,Virtual,Consumable,Pricing min,Pricing max,Pricing updated,Responsible,Allocated to build orders,Allocated to sales orders,Building,Scheduled to Build,Category default location,In Stock,On Order,Required for build orders,Required for sales orders,Stock Items,Total Stock,External Stock,Unallocated Stock,Variant Stock
True,False,,2,Accessories & Consumables,True,2026-09-18,2,0,3,Cairan pembersih core kaca FO 1 Liter,CON-ALC-099 | Alkohol Isopropyl 99%,,CON-ALC-099,False,,,False,3.0,0.0,Alkohol Isopropyl 99%,,12,True,,,0,False,False,/static/img/blank_image.thumbnail.png,False,False,l,,False,False,,,2026-09-19 11:18,,0.0,0.0,0.0,0.0,,0.0,0.0,0,0,0,0.0,0.0,0.0,0.0
True,False,,1,Cables & OSP,True,2026-09-18,2,0,2,Kabel distribusi distribusi udara/aerial,CBL-DST-003 | Distribution Cable 24 Core,,CBL-DST-003,False,,,False,2000.0,0.0,Distribution Cable 24 Core,,17,True,,,0,False,False,/static/img/blank_image.thumbnail.png,False,False,m,,False,False,,,2026-09-19 11:18,,0.0,0.0,0.0,0.0,,0.0,0.0,0,0,0,0.0,0.0,0.0,0.0
True,False,,3,High-Value Tools,True,2026-09-18,2,0,4,Tang pengupas kulit luar kabel drop core pipih,TLS-STR-DRP | Drop Cable Stripper,,TLS-STR-DRP,False,,,False,4.0,0.0,Drop Cable Stripper,,31,True,,,0,False,False,/static/img/blank_image.thumbnail.png,False,False,,,False,False,,,2026-09-19 11:18,,0.0,0.0,0.0,0.0,,0.0,0.0,0,0,0,0.0,0.0,0.0,0.0
True,False,,1,Cables & OSP,True,2026-09-12,2,0,1,Kabel drop core untuk ke rumah pelanggan 1 Km per roll,CBL-DRP-002 | Drop Core Cable 1 Core,/media/part_images/cropped_image_1789399572921.jpg,CBL-DRP-002,False,,,False,2000.0,0.0,Drop Core Cable 1 Core,,2,True,,,0,True,False,/media/part_images/cropped_image_1789399572921.thumbnail.jpg,False,False,m,,False,False,,,2026-09-17 21:28,,0.0,0.0,0.0,0.0,,155.0,0.0,0,0,4,155.0,0.0,155.0,0.0
True,False,,1,Cables & OSP,True,2026-09-12,2,0,2,Kabel utama kapasitas besar 4 Km per drum,CBL-FDR-001 | Feeder Cable 48 Core,,CBL-FDR-001,False,,,False,4000.0,0.0,Feeder Cable 48 Core,,3,True,,,0,False,False,/static/img/blank_image.thumbnail.png,False,False,m,,False,False,,,2026-09-16 01:52,,0.0,0.0,0.0,0.0,,0.0,0.0,0,0,0,0.0,0.0,0.0,0.0
True,False,,3,High-Value Tools,True,2026-09-18,2,0,4,Alat pemotong core kaca presisi tinggi sebelum splicing,TLS-CLV-6S | Fiber Cleaver Sumitomo FC-6S,,TLS-CLV-6S,False,,,False,2.0,0.0,Fiber Cleaver Sumitomo FC-6S,,28,True,,,0,False,False,/static/img/blank_image.thumbnail.png,False,True,,,False,False,,,2026-09-19 11:18,,0.0,0.0,0.0,0.0,,0.0,0.0,0,0,0,0.0,0.0,0.0,0.0
True,False,,3,High-Value Tools,True,2026-09-18,2,0,4,Tang khusus tiga lubang pengupas jaket dan coating FO,TLS-STR-MIL | Fiber Stripper Miller 3 Port,,TLS-STR-MIL,False,,,False,4.0,0.0,Fiber Stripper Miller 3 Port,,29,True,,,0,False,False,/static/img/blank_image.thumbnail.png,False,False,,,False,False,,,2026-09-19 11:18,,0.0,0.0,0.0,0.0,,0.0,0.0,0,0,0,0.0,0.0,0.0,0.0
True,False,,3,High-Value Tools,True,2026-09-12,2,0,1,Mesin penyambung pelebur inti kaca serat optik,TLS-FSP-90S | Fusion Splicer Fujikura 90S,,TLS-FSP-90S,False,,,False,1.0,0.0,Fusion Splicer Fujikura 90S,,8,True,,,0,False,False,/static/img/blank_image.thumbnail.png,False,True,pcs,,False,False,,,2026-09-16 01:52,,0.0,0.0,0.0,0.0,,0.0,0.0,0,0,0,0.0,0.0,0.0,0.0
True,False,,2,Accessories & Consumables,True,2026-09-12,2,0,3,Kotak pelindung sambungan kabel outdoor kedap air,JCD-048-DOM | Joint Closure Dome 48 Core,,JCD-048-DOM,False,,,False,5.0,0.0,Joint Closure Dome 48 Core,,5,True,,,0,False,False,/static/img/blank_image.thumbnail.png,False,False,pcs,,False,False,,,2026-09-16 01:52,,0.0,0.0,0.0,0.0,,0.0,0.0,0,0,0,0.0,0.0,0.0,0.0
True,False,,3,High-Value Tools,True,2026-09-18,2,0,4,Alat pelindung mata dari serpihan potongan kaca core,SFT-GGL-001 | Kacamata Pelindung Safety,,SFT-GGL-001,False,,,False,5.0,0.0,Kacamata Pelindung Safety,,30,True,,,0,False,False,/static/img/blank_image.thumbnail.png,False,False,,,False,False,,,2026-09-19 11:18,,0.0,0.0,0.0,0.0,,0.0,0.0,0,0,0,0.0,0.0,0.0,0.0
True,False,,2,Accessories & Consumables,True,2026-09-18,2,0,3,Penjepit kabel drop core ke tiang,ACC-KLM-GRIP | Klem Preformed / Guy Grip,,ACC-KLM-GRIP,False,,,False,200.0,0.0,Klem Preformed / Guy Grip,,25,True,,,0,False,False,/static/img/blank_image.thumbnail.png,False,False,,,False,False,,,2026-09-19 11:18,,0.0,0.0,0.0,0.0,,0.0,0.0,0,0,0,0.0,0.0,0.0,0.0
True,False,,2,Accessories & Consumables,True,2026-09-18,2,0,3,Sepasang converter Ethernet ke FO RJ45 ke SC,ELC-MCV-001 | Media Converter HTB-3100 A/B,,ELC-MCV-001,False,,,False,5.0,0.0,Media Converter HTB-3100 A/B,,11,True,,,0,False,False,/static/img/blank_image.thumbnail.png,False,False,,,False,False,,,2026-09-19 11:18,,0.0,0.0,0.0,0.0,,0.0,0.0,0,0,0,0.0,0.0,0.0,0.0
True,False,,3,High-Value Tools,True,2026-09-12,2,0,1,Alat ukur titik putus dan redaman sinyal optik,TLS-OTD-VIV | OTDR JDSU Viavi,/media/part_images/cropped_image_1789398352073.jpg,TLS-OTD-VIV,False,,,False,1.0,0.0,OTDR JDSU Viavi,,9,True,,,0,False,False,/media/part_images/cropped_image_1789398352073.thumbnail.jpg,False,True,pcs,,False,False,,,2026-09-17 09:18,,0.0,0.0,0.0,0.0,,2.0,0.0,0,0,2,2.0,1.0,2.0,0.0
True,False,,2,Accessories & Consumables,True,2026-09-18,2,0,3,Rumah kabel besar outdoor kapasitas 144 core,ODC-144-RUM | Optical Distribution Cabinet (ODC) 144C,,ODC-144-RUM,False,,,False,1.0,0.0,Optical Distribution Cabinet (ODC) 144C,,22,True,,,0,False,False,/static/img/blank_image.thumbnail.png,False,False,,,False,False,,,2026-09-19 11:18,,0.0,0.0,0.0,0.0,,0.0,0.0,0,0,0,0.0,0.0,0.0,0.0
True,False,,2,Accessories & Consumables,True,2026-09-12,2,0,3,Kotak distribusi tiang kapasitas 8 user,ODP-108-BOX | Optical Distribution Point (ODP) 1:8,,ODP-108-BOX,False,,,False,10.0,0.0,Optical Distribution Point (ODP) 1:8,,4,True,,,0,False,False,/static/img/blank_image.thumbnail.png,False,False,pcs,,False,False,,,2026-09-17 22:46,,0.0,0.0,0.0,0.0,,15.0,0.0,0,0,1,15.0,0.0,15.0,0.0
True,False,,3,High-Value Tools,True,2026-09-18,2,0,4,Alat pemancar sumber cahaya laser untuk uji redaman,TLS-OLS-STD | Optical Light Source (OLS),,TLS-OLS-STD,False,,,False,1.0,0.0,Optical Light Source (OLS),,27,True,,,0,False,False,/static/img/blank_image.thumbnail.png,False,True,,,False,False,,,2026-09-19 11:18,,0.0,0.0,0.0,0.0,,0.0,0.0,0,0,0,0.0,0.0,0.0,0.0
True,False,,3,High-Value Tools,True,2026-09-12,2,0,1,Alat ukur kekuatan daya redaman sinyal standar,TLS-OPM-STD | Optical Power Meter (OPM),,TLS-OPM-STD,False,,,False,2.0,0.0,Optical Power Meter (OPM),,10,True,,,0,False,False,/static/img/blank_image.thumbnail.png,False,False,pcs,,False,False,,,2026-09-16 01:53,,0.0,0.0,0.0,0.0,,0.0,0.0,0,0,0,0.0,0.0,0.0,0.0
True,False,,2,Accessories & Consumables,True,2026-09-18,2,0,3,Kotak terminasi FO 24 port rackmount 1U,OTB-024-RM | Optical Termination Box (OTB) 24 Port,,OTB-024-RM,False,,,False,2.0,0.0,Optical Termination Box (OTB) 24 Port,,21,True,,,0,False,False,/static/img/blank_image.thumbnail.png,False,False,,,False,False,,,2026-09-19 11:18,,0.0,0.0,0.0,0.0,,0.0,0.0,0,0,0,0.0,0.0,0.0,0.0
True,False,,2,Accessories & Consumables,True,2026-09-18,2,0,3,Pemisah inti optik mini tanpa casing cassette,SPL-116-BLK | PLC Splitter 1:16 Blockless,,SPL-116-BLK,False,,,False,15.0,0.0,PLC Splitter 1:16 Blockless,,20,True,,,0,False,False,/static/img/blank_image.thumbnail.png,False,False,,,False,False,,,2026-09-19 11:18,,0.0,0.0,0.0,0.0,,0.0,0.0,0,0,0,0.0,0.0,0.0,0.0
True,False,,2,Accessories & Consumables,True,2026-09-12,2,0,1,Komponen pemisah inti optik kapasitas 1 ke 8,SPL-108-CAS | PLC Splitter 1:8 Cassette,,SPL-108-CAS,False,,,False,20.0,0.0,PLC Splitter 1:8 Cassette,,6,True,,,0,False,False,/static/img/blank_image.thumbnail.png,False,False,pcs,,False,False,,,2026-09-16 01:53,,0.0,0.0,0.0,0.0,,0.0,0.0,0,0,0,0.0,0.0,0.0,0.0
True,False,,1,Cables & OSP,True,2026-09-18,2,0,3,Kabel jumper transisi konektor LC ke SC,ACC-PTC-002 | Patch Cord LC-UPC to SC-UPC 2m,,ACC-PTC-002,False,,,False,30.0,0.0,Patch Cord LC-UPC to SC-UPC 2m,,18,True,,,0,False,False,/static/img/blank_image.thumbnail.png,False,False,,,False,False,,,2026-09-19 11:19,,0.0,0.0,0.0,0.0,,0.0,0.0,0,0,0,0.0,0.0,0.0,0.0
True,False,,1,Cables & OSP,True,2026-09-12,2,0,3,Kabel jumper pendek konektor SC-UPC,ACC-PTC-001 | Patch Cord SC-UPC 3m,,ACC-PTC-001,False,,,False,50.0,0.0,Patch Cord SC-UPC 3m,,1,True,,,0,False,False,/static/img/blank_image.thumbnail.png,False,False,pcs,,False,False,,,2026-09-16 01:53,,0.0,0.0,0.0,0.0,,0.0,0.0,0,0,0,0.0,0.0,0.0,0.0
True,False,,1,Cables & OSP,True,2026-09-18,2,0,3,Kabel pigtail ujung tunggal untuk terminasi OTB,ACC-PIG-001 | Pigtail SC-UPC 0.9mm,,ACC-PIG-001,False,,,False,100.0,0.0,Pigtail SC-UPC 0.9mm,,19,True,,,0,False,False,/static/img/blank_image.thumbnail.png,False,False,,,False,False,,,2026-09-19 11:19,,0.0,0.0,0.0,0.0,,0.0,0.0,0,0,0,0.0,0.0,0.0,0.0
True,False,,2,Accessories & Consumables,True,2026-09-12,2,0,1,Tabung plastik pelindung peleburan kaca isi 100 per pcs,ACC-SLV-060 | Protection Sleeve 60mm,,ACC-SLV-060,False,,,False,10.0,0.0,Protection Sleeve 60mm,,7,True,,,0,False,False,/static/img/blank_image.thumbnail.png,False,False,pcs,,False,False,,,2026-09-16 01:53,,0.0,0.0,0.0,0.0,,0.0,0.0,0,0,0,0.0,0.0,0.0,0.0
True,False,,2,Accessories & Consumables,True,2026-09-18,2,0,3,Kotak terminasi dinding mini di dalam rumah user,RST-002-BOX | Roset Optik 2 Port,,RST-002-BOX,False,,,False,50.0,0.0,Roset Optik 2 Port,,23,True,,,0,False,False,/static/img/blank_image.thumbnail.png,False,False,,,False,False,,,2026-09-19 11:19,,0.0,0.0,0.0,0.0,,0.0,0.0,0,0,0,0.0,0.0,0.0,0.0
True,False,,2,Accessories & Consumables,True,2026-09-18,2,0,3,Modul optik switch/router konektor sepasang,ELC-SFP-001 | SFP Transceiver 1.25G 20Km,,ELC-SFP-001,False,,,False,10.0,0.0,SFP Transceiver 1.25G 20Km,,24,True,,,0,False,False,/static/img/blank_image.thumbnail.png,False,False,,,False,False,,,2026-09-19 11:19,,0.0,0.0,0.0,0.0,,0.0,0.0,0,0,0,0.0,0.0,0.0,0.0
True,False,,3,High-Value Tools,True,2026-09-18,2,0,4,Senter laser merah pengetes kontinuitas core kaca,TLS-VFL-030 | Visual Fault Locator (VFL) 30mW,,TLS-VFL-030,False,,,False,3.0,0.0,Visual Fault Locator (VFL) 30mW,,26,True,,,0,False,False,/static/img/blank_image.thumbnail.png,False,False,,,False,False,,,2026-09-19 11:19,,0.0,0.0,0.0,0.0,,0.0,0.0,0,0,0,0.0,0.0,0.0,0.0
